"extra_hours","raw_extra_pay","extra_pay_with_taper","extra_pay_with_tax","extra_pay_with_taper_tax","extra_pay_wa_baseline_0","extra_pay_wa_baseline_7","extra_pay_wa_baseline_8"
0,0,0,0,0,0,0,0
0.01,0.0891,0.032967,0.060588,0.02241756,0.0891,0.0891,0.0891
0.02,0.1782,0.065934,0.121176,0.04483512,0.1782,0.1782,0.1782
0.03,0.2673,0.098901,0.181764,0.06725268,0.2673,0.2673,0.2673
0.04,0.3564,0.131868,0.242352,0.08967024,0.3564,0.3564,0.3564
0.05,0.4455,0.164835,0.30294,0.1120878,0.4455,0.4455,0.4455
0.06,0.5346,0.197802,0.363528,0.13450536,0.5346,0.5346,0.5346
0.07,0.6237,0.230769,0.424116,0.15692292,0.6237,0.6237,0.6237
0.08,0.7128,0.263736,0.484704,0.17934048,0.7128,0.7128,0.7128
0.09,0.8019,0.296703,0.545292,0.20175804,0.8019,0.8019,0.8019
0.1,0.891,0.32967,0.60588,0.2241756,0.891,0.891,0.891
0.11,0.9801,0.362637,0.666468,0.24659316,0.9801,0.9801,0.9801
0.12,1.0692,0.395604,0.727056,0.26901072,1.0692,1.0692,1.0692
0.13,1.1583,0.428571,0.787644,0.29142828,1.1583,1.1583,1.1583
0.14,1.2474,0.461538,0.848232,0.31384584,1.2474,1.2474,1.2474
0.15,1.3365,0.494505,0.90882,0.3362634,1.3365,1.3365,1.3365
0.16,1.4256,0.527472,0.969408,0.35868096,1.4256,1.4256,1.4256
0.17,1.5147,0.560439,1.029996,0.38109852,1.5147,1.5147,1.5147
0.18,1.6038,0.593406,1.090584,0.40351608,1.6038,1.6038,1.6038
0.19,1.6929,0.626373,1.151172,0.42593364,1.6929,1.6929,1.6929
0.2,1.782,0.65934,1.21176,0.4483512,1.782,1.782,1.782
0.21,1.8711,0.692307,1.272348,0.47076876,1.8711,1.8711,1.8711
0.22,1.9602,0.725274,1.332936,0.49318632,1.9602,1.9602,1.9602
0.23,2.0493,0.758241,1.393524,0.51560388,2.0493,2.0493,1.999341
0.24,2.1384,0.791208,1.454112,0.53802144,2.1384,2.1384,2.032308
0.25,2.2275,0.824175,1.5147,0.560439,2.2275,2.2275,2.065275
0.26,2.3166,0.857142,1.575288,0.58285656,2.3166,2.3166,2.098242
0.27,2.4057,0.890109,1.635876,0.60527412,2.4057,2.4057,2.131209
0.28,2.4948,0.923076,1.696464,0.62769168,2.4948,2.4948,2.164176
0.29,2.5839,0.956043,1.757052,0.65010924,2.5839,2.5839,2.197143
0.3,2.673,0.98901,1.81764,0.6725268,2.673,2.673,2.23011
0.31,2.7621,1.021977,1.878228,0.69494436,2.7621,2.7621,2.263077
0.32,2.8512,1.054944,1.938816,0.71736192,2.8512,2.8512,2.296044
0.33,2.9403,1.087911,1.999404,0.73977948,2.9403,2.9403,2.329011
0.34,3.0294,1.120878,2.059992,0.76219704,3.0294,3.0294,2.361978
0.35,3.1185,1.153845,2.12058,0.7846146,3.1185,3.1185,2.394945
0.36,3.2076,1.186812,2.181168,0.80703216,3.2076,3.2076,2.427912
0.37,3.2967,1.219779,2.241756,0.82944972,3.2967,3.2967,2.460879
0.38,3.3858,1.252746,2.302344,0.85186728,3.3858,3.3858,2.493846
0.39,3.4749,1.285713,2.362932,0.87428484,3.4749,3.4749,2.526813
0.4,3.564,1.31868,2.42352,0.8967024,3.564,3.564,2.55978
0.41,3.6531,1.351647,2.484108,0.91911996,3.6531,3.6531,2.592747
0.42,3.7422,1.384614,2.544696,0.94153752,3.7422,3.7422,2.625714
0.43,3.8313,1.417581,2.605284,0.96395508,3.8313,3.8313,2.658681
0.44,3.9204,1.450548,2.665872,0.98637264,3.9204,3.9204,2.691648
0.45,4.0095,1.483515,2.72646,1.0087902,4.0095,4.0095,2.724615
0.46,4.0986,1.516482,2.787048,1.03120776,4.0986,4.0986,2.757582
0.47,4.1877,1.549449,2.847636,1.05362532,4.1877,4.1877,2.790549
0.48,4.2768,1.582416,2.908224,1.07604288,4.2768,4.2768,2.823516
0.49,4.3659,1.615383,2.968812,1.09846044,4.3659,4.3659,2.856483
0.5,4.455,1.64835,3.0294,1.120878,4.455,4.455,2.88945
0.51,4.5441,1.681317,3.089988,1.14329556,4.5441,4.5441,2.922417
0.52,4.6332,1.714284,3.150576,1.16571312,4.6332,4.6332,2.955384
0.53,4.7223,1.747251,3.211164,1.18813068,4.7223,4.7223,2.988351
0.54,4.8114,1.780218,3.271752,1.21054824,4.8114,4.8114,3.021318
0.55,4.9005,1.813185,3.33234,1.2329658,4.9005,4.9005,3.054285
0.56,4.9896,1.846152,3.392928,1.25538336,4.9896,4.9896,3.087252
0.57,5.0787,1.879119,3.453516,1.27780092,5.0787,5.0787,3.120219
0.58,5.1678,1.912086,3.514104,1.30021848,5.1678,5.1678,3.153186
0.59,5.2569,1.945053,3.574692,1.32263604,5.2569,5.2569,3.186153
0.6,5.346,1.97802,3.63528,1.3450536,5.346,5.346,3.21912
0.61,5.4351,2.010987,3.695868,1.36747116,5.4351,5.4351,3.252087
0.62,5.5242,2.043954,3.756456,1.38988872,5.5242,5.5242,3.28505399999999
0.63,5.6133,2.076921,3.817044,1.41230628,5.6133,5.6133,3.318021
0.64,5.7024,2.109888,3.877632,1.43472384,5.7024,5.7024,3.350988
0.65,5.7915,2.142855,3.93822,1.4571414,5.7915,5.7915,3.383955
0.66,5.8806,2.175822,3.998808,1.47955896,5.8806,5.8806,3.416922
0.67,5.9697,2.208789,4.059396,1.50197652,5.9697,5.9697,3.449889
0.68,6.0588,2.241756,4.119984,1.52439408,6.0588,6.0588,3.482856
0.69,6.1479,2.274723,4.180572,1.54681164,6.1479,6.1479,3.515823
0.7,6.237,2.30769,4.24116,1.5692292,6.237,6.237,3.54879
0.71,6.3261,2.340657,4.301748,1.59164676,6.3261,6.3261,3.581757
0.72,6.4152,2.373624,4.362336,1.61406432,6.4152,6.4152,3.614724
0.73,6.5043,2.406591,4.422924,1.63648188,6.5043,6.5043,3.647691
0.74,6.5934,2.439558,4.483512,1.65889944,6.5934,6.5934,3.680658
0.75,6.6825,2.472525,4.5441,1.681317,6.6825,6.6825,3.713625
0.76,6.7716,2.505492,4.604688,1.70373456,6.7716,6.7716,3.746592
0.77,6.8607,2.538459,4.665276,1.72615212,6.8607,6.8607,3.779559
0.78,6.9498,2.571426,4.725864,1.74856968,6.9498,6.9498,3.812526
0.79,7.0389,2.604393,4.786452,1.77098724,7.0389,7.0389,3.845493
0.8,7.128,2.63736,4.84704,1.7934048,7.128,7.128,3.87846
0.81,7.2171,2.670327,4.907628,1.81582236,7.2171,7.2171,3.911427
0.82,7.3062,2.703294,4.968216,1.83823992,7.3062,7.3062,3.944394
0.83,7.3953,2.736261,5.028804,1.86065748,7.3953,7.3953,3.977361
0.84,7.4844,2.769228,5.089392,1.88307504,7.4844,7.4844,4.010328
0.85,7.5735,2.802195,5.14998,1.9054926,7.5735,7.5735,4.043295
0.86,7.6626,2.835162,5.210568,1.92791016,7.6626,7.6626,4.076262
0.87,7.7517,2.868129,5.271156,1.95032772,7.7517,7.7517,4.109229
0.88,7.8408,2.901096,5.331744,1.97274528,7.8408,7.8408,4.142196
0.89,7.9299,2.934063,5.392332,1.99516284,7.9299,7.9299,4.175163
0.9,8.019,2.96703,5.45292,2.0175804,8.019,8.019,4.20813
0.91,8.1081,2.999997,5.513508,2.03999796,8.1081,8.1081,4.24109699999999
0.92,8.1972,3.032964,5.574096,2.06241552,8.1972,8.1972,4.274064
0.93,8.2863,3.065931,5.634684,2.08483308,8.2863,8.2863,4.307031
0.94,8.3754,3.098898,5.695272,2.10725064,8.3754,8.3754,4.339998
0.95,8.4645,3.131865,5.75586,2.1296682,8.4645,8.4645,4.372965
0.96,8.5536,3.164832,5.816448,2.15208576,8.5536,8.5536,4.405932
0.97,8.6427,3.197799,5.877036,2.17450332,8.6427,8.6427,4.438899
0.98,8.7318,3.230766,5.937624,2.19692088,8.7318,8.7318,4.471866
0.99,8.8209,3.263733,5.998212,2.21933844,8.8209,8.8209,4.504833
1,8.91,3.2967,6.0588,2.241756,8.91,8.91,4.5378
1.01,8.9991,3.329667,6.119388,2.26417356,8.9991,8.9991,4.570767
1.02,9.0882,3.362634,6.179976,2.28659112,9.0882,9.0882,4.603734
1.03,9.1773,3.395601,6.240564,2.30900868,9.1773,9.1773,4.636701
1.04,9.2664,3.428568,6.301152,2.33142624,9.2664,9.2664,4.669668
1.05,9.3555,3.461535,6.36174,2.3538438,9.3555,9.3555,4.702635
1.06,9.4446,3.494502,6.422328,2.37626136,9.4446,9.4446,4.735602
1.07,9.5337,3.527469,6.482916,2.39867892,9.5337,9.5337,4.768569
1.08,9.6228,3.560436,6.543504,2.42109648,9.6228,9.6228,4.801536
1.09,9.7119,3.593403,6.604092,2.44351404,9.7119,9.7119,4.834503
1.1,9.801,3.62637,6.66468,2.4659316,9.801,9.801,4.86747
1.11,9.8901,3.659337,6.725268,2.48834916,9.8901,9.8901,4.900437
1.12,9.9792,3.692304,6.785856,2.51076672,9.9792,9.9792,4.933404
1.13,10.0683,3.725271,6.846444,2.53318428,10.0683,10.0683,4.966371
1.14,10.1574,3.758238,6.907032,2.55560184,10.1574,10.1574,4.999338
1.15,10.2465,3.791205,6.96762,2.5780194,10.2465,10.2465,5.032305
1.16,10.3356,3.824172,7.028208,2.60043696,10.3356,10.3356,5.065272
1.17,10.4247,3.857139,7.088796,2.62285452,10.4247,10.4247,5.098239
1.18,10.5138,3.890106,7.149384,2.64527208,10.5138,10.5138,5.131206
1.19,10.6029,3.923073,7.209972,2.66768964,10.6029,10.6029,5.164173
1.2,10.692,3.95604,7.27056,2.6901072,10.692,10.692,5.19713999999999
1.21,10.7811,3.989007,7.331148,2.71252476,10.7811,10.7811,5.230107
1.22,10.8702,4.021974,7.391736,2.73494232,10.8702,10.8702,5.263074
1.23,10.9593,4.054941,7.452324,2.75735988,10.9593,10.909341,5.296041
1.24,11.0484,4.087908,7.512912,2.77977744,11.0484,10.942308,5.329008
1.25,11.1375,4.120875,7.5735,2.802195,11.1375,10.975275,5.361975
1.26,11.2266,4.153842,7.634088,2.82461256,11.2266,11.008242,5.394942
1.27,11.3157,4.186809,7.694676,2.84703012,11.3157,11.041209,5.427909
1.28,11.4048,4.219776,7.755264,2.86944768,11.4048,11.074176,5.460876
1.29,11.4939,4.252743,7.815852,2.89186524,11.4939,11.107143,5.493843
1.3,11.583,4.28571,7.87644,2.9142828,11.583,11.14011,5.52681
1.31,11.6721,4.318677,7.937028,2.93670036,11.6721,11.173077,5.559777
1.32,11.7612,4.351644,7.997616,2.95911792,11.7612,11.206044,5.592744
1.33,11.8503,4.384611,8.058204,2.98153548,11.8503,11.239011,5.625711
1.34,11.9394,4.417578,8.118792,3.00395304,11.9394,11.271978,5.658678
1.35,12.0285,4.450545,8.17938,3.0263706,12.0285,11.304945,5.69164499999999
1.36,12.1176,4.483512,8.239968,3.04878816,12.1176,11.337912,5.724612
1.37,12.2067,4.516479,8.300556,3.07120572,12.2067,11.370879,5.757579
1.38,12.2958,4.549446,8.361144,3.09362328,12.2958,11.403846,5.790546
1.39,12.3849,4.582413,8.421732,3.11604084,12.3849,11.436813,5.823513
1.4,12.474,4.61538,8.48232,3.1384584,12.474,11.46978,5.85648
1.41,12.5631,4.648347,8.542908,3.16087596,12.5631,11.502747,5.889447
1.42,12.6522,4.681314,8.603496,3.18329352,12.6522,11.535714,5.922414
1.43,12.7413,4.714281,8.664084,3.20571108,12.7413,11.568681,5.955381
1.44,12.8304,4.747248,8.724672,3.22812864,12.8304,11.601648,5.988348
1.45,12.9195,4.780215,8.78526,3.2505462,12.9195,11.634615,6.021315
1.46,13.0086,4.813182,8.845848,3.27296376,13.0086,11.667582,6.054282
1.47,13.0977,4.846149,8.906436,3.29538132,13.0977,11.700549,6.087249
1.48,13.1868,4.879116,8.967024,3.31779888,13.1868,11.733516,6.120216
1.49,13.2759,4.912083,9.027612,3.34021644,13.2759,11.766483,6.15318299999999
1.5,13.365,4.94505,9.0882,3.362634,13.365,11.79945,6.18615
1.51,13.4541,4.978017,9.148788,3.38505156,13.4541,11.832417,6.219117
1.52,13.5432,5.010984,9.209376,3.40746912,13.5432,11.865384,6.252084
1.53,13.6323,5.043951,9.269964,3.42988668,13.6323,11.898351,6.285051
1.54,13.7214,5.076918,9.330552,3.45230424,13.7214,11.931318,6.318018
1.55,13.8105,5.109885,9.39114,3.4747218,13.8105,11.964285,6.350985
1.56,13.8996,5.142852,9.451728,3.49713936,13.8996,11.997252,6.383952
1.57,13.9887,5.175819,9.512316,3.51955692,13.9887,12.030219,6.416919
1.58,14.0778,5.208786,9.572904,3.54197448,14.0778,12.063186,6.449886
1.59,14.1669,5.241753,9.633492,3.56439204,14.1669,12.096153,6.482853
1.6,14.256,5.27472,9.69408,3.5868096,14.256,12.12912,6.51582
1.61,14.3451,5.307687,9.754668,3.60922716,14.3451,12.162087,6.548787
1.62,14.4342,5.340654,9.815256,3.63164472,14.4342,12.195054,6.581754
1.63,14.5233,5.373621,9.875844,3.65406228,14.5233,12.228021,6.614721
1.64,14.6124,5.406588,9.936432,3.67647984,14.6124,12.260988,6.647688
1.65,14.7015,5.439555,9.99702,3.6988974,14.7015,12.293955,6.680655
1.66,14.7906,5.472522,10.057608,3.72131496,14.7906,12.326922,6.713622
1.67,14.8797,5.505489,10.118196,3.74373252,14.8797,12.359889,6.746589
1.68,14.9688,5.538456,10.178784,3.76615008,14.9688,12.392856,6.779556
1.69,15.0579,5.571423,10.239372,3.78856764,15.0579,12.425823,6.812523
1.7,15.147,5.60439,10.29996,3.8109852,15.147,12.45879,6.84549
1.71,15.2361,5.637357,10.360548,3.83340276,15.2361,12.491757,6.878457
1.72,15.3252,5.670324,10.421136,3.85582032,15.3252,12.524724,6.911424
1.73,15.4143,5.703291,10.481724,3.87823788,15.4143,12.557691,6.944391
1.74,15.5034,5.736258,10.542312,3.90065544,15.5034,12.590658,6.977358
1.75,15.5925,5.769225,10.6029,3.923073,15.5925,12.623625,7.010325
1.76,15.6816,5.802192,10.663488,3.94549056,15.6816,12.656592,7.043292
1.77,15.7707,5.835159,10.724076,3.96790812,15.7707,12.689559,7.07625899999999
1.78,15.8598,5.868126,10.784664,3.99032568,15.8598,12.722526,7.10922599999999
1.79,15.9489,5.901093,10.845252,4.01274324,15.9489,12.755493,7.142193
1.8,16.038,5.93406,10.90584,4.0351608,16.038,12.78846,7.17516
1.81,16.1271,5.967027,10.966428,4.05757836,16.1271,12.821427,7.208127
1.82,16.2162,5.999994,11.027016,4.07999592,16.2162,12.854394,7.241094
1.83,16.3053,6.032961,11.087604,4.10241348,16.3053,12.887361,7.274061
1.84,16.3944,6.065928,11.148192,4.12483104,16.3944,12.920328,7.307028
1.85,16.4835,6.098895,11.20878,4.1472486,16.4835,12.953295,7.339995
1.86,16.5726,6.131862,11.269368,4.16966616,16.5726,12.986262,7.372962
1.87,16.6617,6.164829,11.329956,4.19208372,16.6617,13.019229,7.405929
1.88,16.7508,6.197796,11.390544,4.21450128,16.7508,13.052196,7.438896
1.89,16.8399,6.230763,11.451132,4.23691884,16.8399,13.085163,7.471863
1.9,16.929,6.26373,11.51172,4.2593364,16.929,13.11813,7.50483
1.91,17.0181,6.296697,11.572308,4.28175396,17.0181,13.151097,7.537797
1.92,17.1072,6.329664,11.632896,4.30417152,17.1072,13.184064,7.570764
1.93,17.1963,6.362631,11.693484,4.32658908,17.1963,13.217031,7.60373099999999
1.94,17.2854,6.395598,11.754072,4.34900664,17.2854,13.249998,7.636698
1.95,17.3745,6.428565,11.81466,4.3714242,17.3745,13.282965,7.669665
1.96,17.4636,6.461532,11.875248,4.39384176,17.4636,13.315932,7.702632
1.97,17.5527,6.494499,11.935836,4.41625932,17.5527,13.348899,7.735599
1.98,17.6418,6.527466,11.996424,4.43867688,17.6418,13.381866,7.768566
1.99,17.7309,6.560433,12.057012,4.46109444,17.7309,13.414833,7.801533
2,17.82,6.5934,12.1176,4.483512,17.82,13.4478,7.8345
2.01,17.9091,6.626367,12.178188,4.50592956,17.9091,13.480767,7.867467
2.02,17.9982,6.659334,12.238776,4.52834712,17.9982,13.513734,7.900434
2.03,18.0873,6.692301,12.299364,4.55076468,18.0873,13.546701,7.933401
2.04,18.1764,6.725268,12.359952,4.57318224,18.1764,13.579668,7.966368
2.05,18.2655,6.758235,12.42054,4.5955998,18.2655,13.612635,7.999335
2.06,18.3546,6.791202,12.481128,4.61801736,18.3546,13.645602,8.032302
2.07,18.4437,6.824169,12.541716,4.64043492,18.4437,13.678569,8.065269
2.08,18.5328,6.857136,12.602304,4.66285248,18.5328,13.711536,8.09823599999999
2.09,18.6219,6.890103,12.662892,4.68527004,18.6219,13.744503,8.131203
2.1,18.711,6.92307,12.72348,4.7076876,18.711,13.77747,8.16417
2.11,18.8001,6.956037,12.784068,4.73010516,18.8001,13.810437,8.197137
2.12,18.8892,6.989004,12.844656,4.75252272,18.8892,13.843404,8.230104
2.13,18.9783,7.021971,12.905244,4.77494028,18.9783,13.876371,8.263071
2.14,19.0674,7.054938,12.965832,4.79735784,19.0674,13.909338,8.296038
2.15,19.1565,7.087905,13.02642,4.8197754,19.1565,13.942305,8.329005
2.16,19.2456,7.120872,13.087008,4.84219296,19.2456,13.975272,8.36197200000001
2.17,19.3347,7.153839,13.147596,4.86461052,19.3347,14.008239,8.394939
2.18,19.4238,7.186806,13.208184,4.88702808,19.4238,14.041206,8.427906
2.19,19.5129,7.219773,13.268772,4.90944564,19.5129,14.074173,8.460873
2.2,19.602,7.25274,13.32936,4.9318632,19.602,14.10714,8.49384
2.21,19.6911,7.285707,13.389948,4.95428076,19.6911,14.140107,8.52680699999999
2.22,19.7802,7.318674,13.450536,4.97669832,19.7802,14.173074,8.559774
2.23,19.8693,7.351641,13.511124,4.99911588,19.8693,14.206041,8.592741
2.24,19.9584,7.384608,13.571712,5.02153344,19.9584,14.239008,8.625708
2.25,20.0475,7.417575,13.6323,5.043951,20.0475,14.271975,8.658675
2.26,20.1366,7.450542,13.692888,5.06636856,20.1366,14.304942,8.691642
2.27,20.2257,7.483509,13.753476,5.08878612,20.2257,14.337909,8.724609
2.28,20.3148,7.516476,13.814064,5.11120368,20.3148,14.370876,8.757576
2.29,20.4039,7.549443,13.874652,5.13362124,20.4039,14.403843,8.790543
2.3,20.493,7.58241,13.93524,5.1560388,20.493,14.43681,8.82351
2.31,20.5821,7.615377,13.995828,5.17845636,20.5821,14.469777,8.856477
2.32,20.6712,7.648344,14.056416,5.20087392,20.6712,14.502744,8.889444
2.33,20.7603,7.681311,14.117004,5.22329148,20.7603,14.535711,8.922411
2.34,20.8494,7.714278,14.177592,5.24570904,20.8494,14.568678,8.955378
2.35,20.9385,7.747245,14.23818,5.2681266,20.9385,14.601645,8.988345
2.36,21.0276,7.780212,14.298768,5.29054416,21.0276,14.634612,9.02131199999999
2.37,21.1167,7.813179,14.359356,5.31296172,21.1167,14.667579,9.054279
2.38,21.2058,7.846146,14.419944,5.33537928,21.2058,14.700546,9.087246
2.39,21.2949,7.879113,14.480532,5.35779684,21.2949,14.733513,9.120213
2.4,21.384,7.91208,14.54112,5.3802144,21.384,14.76648,9.15318
2.41,21.4731,7.945047,14.601708,5.40263196,21.4731,14.799447,9.186147
2.42,21.5622,7.978014,14.662296,5.42504952,21.5622,14.832414,9.219114
2.43,21.6513,8.010981,14.722884,5.44746708,21.6513,14.865381,9.252081
2.44,21.7404,8.043948,14.783472,5.46988464,21.7404,14.898348,9.285048
2.45,21.8295,8.076915,14.84406,5.4923022,21.8295,14.931315,9.318015
2.46,21.9186,8.109882,14.904648,5.51471976,21.9186,14.964282,9.350982
2.47,22.0077,8.142849,14.965236,5.53713732,22.0077,14.997249,9.383949
2.48,22.0968,8.175816,15.025824,5.55955488,22.0968,15.030216,9.416916
2.49,22.1859,8.208783,15.086412,5.58197244,22.1859,15.063183,9.449883
2.5,22.275,8.24175,15.147,5.60439,22.275,15.09615,9.48284999999999
2.51,22.3641,8.274717,15.207588,5.62680756,22.3641,15.129117,9.515817
2.52,22.4532,8.307684,15.268176,5.64922512,22.4532,15.162084,9.548784
2.53,22.5423,8.340651,15.328764,5.67164268,22.5423,15.195051,9.581751
2.54,22.6314,8.373618,15.389352,5.69406024,22.6314,15.228018,9.614718
2.55,22.7205,8.406585,15.44994,5.7164778,22.7205,15.260985,9.647685
2.56,22.8096,8.439552,15.510528,5.73889536,22.8096,15.293952,9.680652
2.57,22.8987,8.472519,15.571116,5.76131292,22.8987,15.326919,9.713619
2.58,22.9878,8.505486,15.631704,5.78373048,22.9878,15.359886,9.746586
2.59,23.0769,8.538453,15.692292,5.80614804,23.0769,15.392853,9.779553
2.6,23.166,8.57142,15.75288,5.8285656,23.166,15.42582,9.81252
2.61,23.2551,8.604387,15.813468,5.85098316,23.2551,15.458787,9.845487
2.62,23.3442,8.637354,15.874056,5.87340072,23.3442,15.491754,9.878454
2.63,23.4333,8.670321,15.934644,5.89581828,23.4333,15.524721,9.911421
2.64,23.5224,8.703288,15.995232,5.91823584,23.5224,15.557688,9.944388
2.65,23.6115,8.736255,16.05582,5.9406534,23.6115,15.590655,9.97735499999999
2.66,23.7006,8.769222,16.116408,5.96307096,23.7006,15.623622,10.010322
2.67,23.7897,8.802189,16.176996,5.98548852,23.7897,15.656589,10.043289
2.68,23.8788,8.835156,16.237584,6.00790608,23.8788,15.689556,10.076256
2.69,23.9679,8.868123,16.298172,6.03032364,23.9679,15.722523,10.109223
2.7,24.057,8.90109,16.35876,6.0527412,24.057,15.75549,10.14219
2.71,24.1461,8.934057,16.419348,6.07515876,24.1461,15.788457,10.175157
2.72,24.2352,8.967024,16.479936,6.09757632,24.2352,15.821424,10.208124
2.73,24.3243,8.999991,16.540524,6.11999388,24.3243,15.854391,10.241091
2.74,24.4134,9.032958,16.601112,6.14241144,24.4134,15.887358,10.274058
2.75,24.5025,9.065925,16.6617,6.164829,24.5025,15.920325,10.307025
2.76,24.5916,9.098892,16.722288,6.18724656,24.5916,15.953292,10.339992
2.77,24.6807,9.131859,16.782876,6.20966412,24.6807,15.986259,10.372959
2.78,24.7698,9.164826,16.843464,6.23208168,24.7698,16.019226,10.405926
2.79,24.8589,9.197793,16.904052,6.25449924,24.8589,16.052193,10.438893
2.8,24.948,9.23076,16.96464,6.2769168,24.948,16.08516,10.47186
2.81,25.0371,9.263727,17.025228,6.29933436,25.0371,16.118127,10.504827
2.82,25.1262,9.296694,17.085816,6.32175192,25.1262,16.151094,10.537794
2.83,25.2153,9.329661,17.146404,6.34416948,25.2153,16.184061,10.570761
2.84,25.3044,9.362628,17.206992,6.36658704,25.3044,16.217028,10.603728
2.85,25.3935,9.395595,17.26758,6.3890046,25.3935,16.249995,10.636695
2.86,25.4826,9.428562,17.328168,6.41142216,25.4826,16.282962,10.669662
2.87,25.5717,9.461529,17.388756,6.43383972,25.5717,16.315929,10.702629
2.88,25.6608,9.494496,17.449344,6.45625728,25.6608,16.348896,10.735596
2.89,25.7499,9.527463,17.509932,6.47867484,25.7499,16.381863,10.768563
2.9,25.839,9.56043,17.57052,6.5010924,25.839,16.41483,10.80153
2.91,25.9281,9.593397,17.631108,6.52350996,25.9281,16.447797,10.834497
2.92,26.0172,9.626364,17.691696,6.54592752,26.0172,16.480764,10.867464
2.93,26.1063,9.659331,17.752284,6.56834508,26.1063,16.513731,10.900431
2.94,26.1954,9.692298,17.812872,6.59076264,26.1954,16.546698,10.933398
2.95,26.2845,9.725265,17.87346,6.6131802,26.2845,16.579665,10.966365
2.96,26.3736,9.758232,17.934048,6.63559776,26.3736,16.612632,10.999332
2.97,26.4627,9.791199,17.994636,6.65801532,26.4627,16.645599,11.032299
2.98,26.5518,9.824166,18.055224,6.68043288,26.5518,16.678566,11.065266
2.99,26.6409,9.857133,18.115812,6.70285044,26.6409,16.711533,11.098233
3,26.73,9.8901,18.1764,6.725268,26.73,16.7445,11.1312
3.01,26.8191,9.923067,18.236988,6.74768556,26.8191,16.777467,11.164167
3.02,26.9082,9.956034,18.297576,6.77010312,26.9082,16.810434,11.197134
3.03,26.9973,9.989001,18.358164,6.79252068,26.9973,16.843401,11.230101
3.04,27.0864,10.021968,18.418752,6.81493824,27.0864,16.876368,11.263068
3.05,27.1755,10.054935,18.47934,6.8373558,27.1755,16.909335,11.296035
3.06,27.2646,10.087902,18.539928,6.85977336,27.2646,16.942302,11.329002
3.07,27.3537,10.120869,18.600516,6.88219092,27.3537,16.975269,11.361969
3.08,27.4428,10.153836,18.661104,6.90460848,27.4428,17.008236,11.394936
3.09,27.5319,10.186803,18.721692,6.92702604,27.5319,17.041203,11.427903
3.1,27.621,10.21977,18.78228,6.9494436,27.621,17.07417,11.46087
3.11,27.7101,10.252737,18.842868,6.97186116,27.7101,17.107137,11.493837
3.12,27.7992,10.285704,18.903456,6.99427872,27.7992,17.140104,11.526804
3.13,27.8883,10.318671,18.964044,7.01669628,27.8883,17.173071,11.559771
3.14,27.9774,10.351638,19.024632,7.03911384,27.9774,17.206038,11.592738
3.15,28.0665,10.384605,19.08522,7.0615314,28.0665,17.239005,11.625705
3.16,28.1556,10.417572,19.145808,7.08394896,28.1556,17.271972,11.658672
3.17,28.2447,10.450539,19.206396,7.10636652,28.2447,17.304939,11.691639
3.18,28.3338,10.483506,19.266984,7.12878408,28.3338,17.337906,11.724606
3.19,28.4229,10.516473,19.327572,7.15120164,28.4229,17.370873,11.757573
3.2,28.512,10.54944,19.38816,7.1736192,28.512,17.40384,11.79054
3.21,28.6011,10.582407,19.448748,7.19603676,28.6011,17.436807,11.823507
3.22,28.6902,10.615374,19.509336,7.21845432,28.6902,17.469774,11.856474
3.23,28.7793,10.648341,19.569924,7.24087188,28.7793,17.502741,11.889441
3.24,28.8684,10.681308,19.630512,7.26328944,28.8684,17.535708,11.922408
3.25,28.9575,10.714275,19.6911,7.285707,28.9575,17.568675,11.955375
3.26,29.0466,10.747242,19.751688,7.30812456,29.0466,17.601642,11.988342
3.27,29.1357,10.780209,19.812276,7.33054212,29.1357,17.634609,12.021309
3.28,29.2248,10.813176,19.872864,7.35295968,29.2248,17.667576,12.054276
3.29,29.3139,10.846143,19.933452,7.37537724,29.3139,17.700543,12.087243
3.3,29.403,10.87911,19.99404,7.3977948,29.403,17.73351,12.12021
3.31,29.4921,10.912077,20.054628,7.42021236,29.4921,17.766477,12.153177
3.32,29.5812,10.945044,20.115216,7.44262992,29.5812,17.799444,12.186144
3.33,29.6703,10.978011,20.175804,7.46504748,29.6703,17.832411,12.219111
3.34,29.7594,11.010978,20.236392,7.48746504,29.7594,17.865378,12.252078
3.35,29.8485,11.043945,20.29698,7.5098826,29.8485,17.898345,12.285045
3.36,29.9376,11.076912,20.357568,7.53230016,29.9376,17.931312,12.318012
3.37,30.0267,11.109879,20.418156,7.55471772,30.0267,17.964279,12.350979
3.38,30.1158,11.142846,20.478744,7.57713528,30.1158,17.997246,12.383946
3.39,30.2049,11.175813,20.539332,7.59955284,30.2049,18.030213,12.416913
3.4,30.294,11.20878,20.59992,7.6219704,30.294,18.06318,12.44988
3.41,30.3831,11.241747,20.660508,7.64438796,30.3831,18.096147,12.482847
3.42,30.4722,11.274714,20.721096,7.66680552,30.4722,18.129114,12.515814
3.43,30.5613,11.307681,20.781684,7.68922308,30.5613,18.162081,12.548781
3.44,30.6504,11.340648,20.842272,7.71164064,30.6504,18.195048,12.581748
3.45,30.7395,11.373615,20.90286,7.7340582,30.7395,18.228015,12.614715
3.46,30.8286,11.406582,20.963448,7.75647576,30.8286,18.260982,12.647682
3.47,30.9177,11.439549,21.024036,7.77889332,30.9177,18.293949,12.680649
3.48,31.0068,11.472516,21.084624,7.80131088,31.0068,18.326916,12.713616
3.49,31.0959,11.505483,21.145212,7.82372844,31.0959,18.359883,12.746583
3.5,31.185,11.53845,21.2058,7.846146,31.185,18.39285,12.77955
3.51,31.2741,11.571417,21.266388,7.86856356,31.2741,18.425817,12.812517
3.52,31.3632,11.604384,21.326976,7.89098112,31.3632,18.458784,12.845484
3.53,31.4523,11.637351,21.387564,7.91339868,31.4523,18.491751,12.878451
3.54,31.5414,11.670318,21.448152,7.93581624,31.5414,18.524718,12.911418
3.55,31.6305,11.703285,21.50874,7.9582338,31.6305,18.557685,12.944385
3.56,31.7196,11.736252,21.569328,7.98065136,31.7196,18.590652,12.977352
3.57,31.8087,11.769219,21.629916,8.00306892,31.8087,18.623619,13.010319
3.58,31.8978,11.802186,21.690504,8.02548648,31.8978,18.656586,13.043286
3.59,31.9869,11.835153,21.751092,8.04790404,31.9869,18.689553,13.076253
3.6,32.076,11.86812,21.81168,8.0703216,32.076,18.72252,13.10922
3.61,32.1651,11.901087,21.872268,8.09273916,32.1651,18.755487,13.142187
3.62,32.2542,11.934054,21.932856,8.11515672,32.2542,18.788454,13.175154
3.63,32.3433,11.967021,21.993444,8.13757428,32.3433,18.821421,13.208121
3.64,32.4324,11.999988,22.054032,8.15999184,32.4324,18.854388,13.241088
3.65,32.5215,12.032955,22.11462,8.1824094,32.5215,18.887355,13.274055
3.66,32.6106,12.065922,22.175208,8.20482696,32.6106,18.920322,13.307022
3.67,32.6997,12.098889,22.235796,8.22724452,32.6997,18.953289,13.339989
3.68,32.7888,12.131856,22.296384,8.24966208,32.7888,18.986256,13.372956
3.69,32.8779,12.164823,22.356972,8.27207964,32.8779,19.019223,13.405923
3.7,32.967,12.19779,22.41756,8.2944972,32.967,19.05219,13.43889
3.71,33.0561,12.230757,22.478148,8.31691476,33.0561,19.085157,13.471857
3.72,33.1452,12.263724,22.538736,8.33933232,33.1452,19.118124,13.504824
3.73,33.2343,12.296691,22.599324,8.36174988,33.2343,19.151091,13.537791
3.74,33.3234,12.329658,22.659912,8.38416744,33.3234,19.184058,13.570758
3.75,33.4125,12.362625,22.7205,8.406585,33.4125,19.217025,13.603725
3.76,33.5016,12.395592,22.781088,8.42900256,33.5016,19.249992,13.636692
3.77,33.5907,12.428559,22.841676,8.45142012,33.5907,19.282959,13.669659
3.78,33.6798,12.461526,22.902264,8.47383768,33.6798,19.315926,13.702626
3.79,33.7689,12.494493,22.962852,8.49625524,33.7689,19.348893,13.735593
3.8,33.858,12.52746,23.02344,8.5186728,33.858,19.38186,13.76856
3.81,33.9471,12.560427,23.084028,8.54109036,33.9471,19.414827,13.801527
3.82,34.0362,12.593394,23.144616,8.56350792,34.0362,19.447794,13.834494
3.83,34.1253,12.626361,23.205204,8.58592548,34.1253,19.480761,13.867461
3.84,34.2144,12.659328,23.265792,8.60834304,34.2144,19.513728,13.900428
3.85,34.3035,12.692295,23.32638,8.6307606,34.3035,19.546695,13.933395
3.86,34.3926,12.725262,23.386968,8.65317816,34.3926,19.579662,13.966362
3.87,34.4817,12.758229,23.447556,8.67559572,34.4817,19.612629,13.999329
3.88,34.5708,12.791196,23.508144,8.69801328,34.5708,19.645596,14.032296
3.89,34.6599,12.824163,23.568732,8.72043084,34.6599,19.678563,14.065263
3.9,34.749,12.85713,23.62932,8.7428484,34.749,19.71153,14.09823
3.91,34.8381,12.890097,23.689908,8.76526596,34.8381,19.744497,14.131197
3.92,34.9272,12.923064,23.750496,8.78768352,34.9272,19.777464,14.164164
3.93,35.0163,12.956031,23.811084,8.81010108,35.0163,19.810431,14.197131
3.94,35.1054,12.988998,23.871672,8.83251864,35.1054,19.843398,14.230098
3.95,35.1945,13.021965,23.93226,8.8549362,35.1945,19.876365,14.263065
3.96,35.2836,13.054932,23.992848,8.87735376,35.2836,19.909332,14.296032
3.97,35.3727,13.087899,24.053436,8.89977132,35.3727,19.942299,14.328999
3.98,35.4618,13.120866,24.114024,8.92218888,35.4618,19.975266,14.361966
3.99,35.5509,13.153833,24.174612,8.94460644,35.5509,20.008233,14.394933
4,35.64,13.1868,24.2352,8.967024,35.64,20.0412,14.4279
4.01,35.7291,13.219767,24.295788,8.98944156,35.7291,20.074167,14.460867
4.02,35.8182,13.252734,24.356376,9.01185912,35.8182,20.107134,14.493834
4.03,35.9073,13.285701,24.416964,9.03427668,35.9073,20.140101,14.526801
4.04,35.9964,13.318668,24.477552,9.05669424,35.9964,20.173068,14.559768
4.05,36.0855,13.351635,24.53814,9.0791118,36.0855,20.206035,14.592735
4.06,36.1746,13.384602,24.598728,9.10152936,36.1746,20.239002,14.625702
4.07,36.2637,13.417569,24.659316,9.12394692,36.2637,20.271969,14.658669
4.08,36.3528,13.450536,24.719904,9.14636448,36.3528,20.304936,14.691636
4.09,36.4419,13.483503,24.780492,9.16878204,36.4419,20.337903,14.724603
4.1,36.531,13.51647,24.84108,9.1911996,36.531,20.37087,14.75757
4.11,36.6201,13.549437,24.901668,9.21361716,36.6201,20.403837,14.790537
4.12,36.7092,13.582404,24.962256,9.23603472,36.7092,20.436804,14.823504
4.13,36.7983,13.615371,25.022844,9.25845228,36.7983,20.469771,14.856471
4.14,36.8874,13.648338,25.083432,9.28086984,36.8874,20.502738,14.889438
4.15,36.9765,13.681305,25.14402,9.3032874,36.9765,20.535705,14.922405
4.16,37.0656,13.714272,25.204608,9.32570496,37.0656,20.568672,14.955372
4.17,37.1547,13.747239,25.265196,9.34812252,37.1547,20.601639,14.988339
4.18,37.2438,13.780206,25.325784,9.37054008,37.2438,20.634606,15.021306
4.19,37.3329,13.813173,25.386372,9.39295764,37.3329,20.667573,15.054273
4.2,37.422,13.84614,25.44696,9.4153752,37.422,20.70054,15.08724
4.21,37.5111,13.879107,25.507548,9.43779276,37.5111,20.733507,15.120207
4.22,37.6002,13.912074,25.568136,9.46021032,37.6002,20.766474,15.153174
4.23,37.6893,13.945041,25.628724,9.48262788,37.6893,20.799441,15.186141
4.24,37.7784,13.978008,25.689312,9.50504544,37.7784,20.832408,15.219108
4.25,37.8675,14.010975,25.7499,9.527463,37.8675,20.865375,15.252075
4.26,37.9566,14.043942,25.810488,9.54988056,37.9566,20.898342,15.285042
4.27,38.0457,14.076909,25.871076,9.57229812,38.0457,20.931309,15.318009
4.28,38.1348,14.109876,25.931664,9.59471568,38.1348,20.964276,15.350976
4.29,38.2239,14.142843,25.992252,9.61713324,38.2239,20.997243,15.383943
4.3,38.313,14.17581,26.05284,9.6395508,38.313,21.03021,15.41691
4.31,38.4021,14.208777,26.113428,9.66196836,38.4021,21.063177,15.449877
4.32,38.4912,14.241744,26.174016,9.68438592,38.4912,21.096144,15.482844
4.33,38.5803,14.274711,26.234604,9.70680348,38.5803,21.129111,15.515811
4.34,38.6694,14.307678,26.295192,9.72922104,38.6694,21.162078,15.548778
4.35,38.7585,14.340645,26.35578,9.7516386,38.7585,21.195045,15.581745
4.36,38.8476,14.373612,26.416368,9.77405616,38.8476,21.228012,15.614712
4.37,38.9367,14.406579,26.476956,9.79647372,38.9367,21.260979,15.647679
4.38,39.0258,14.439546,26.537544,9.81889128,39.0258,21.293946,15.680646
4.39,39.1149,14.472513,26.598132,9.84130884,39.1149,21.326913,15.713613
4.4,39.204,14.50548,26.65872,9.8637264,39.204,21.35988,15.74658
4.41,39.2931,14.538447,26.719308,9.88614396,39.2931,21.392847,15.779547
4.42,39.3822,14.571414,26.779896,9.90856152,39.3822,21.425814,15.812514
4.43,39.4713,14.604381,26.840484,9.93097908,39.4713,21.458781,15.845481
4.44,39.5604,14.637348,26.901072,9.95339664,39.5604,21.491748,15.878448
4.45,39.6495,14.670315,26.96166,9.9758142,39.6495,21.524715,15.911415
4.46,39.7386,14.703282,27.022248,9.99823176,39.7386,21.557682,15.944382
4.47,39.8277,14.736249,27.082836,10.02064932,39.8277,21.590649,15.977349
4.48,39.9168,14.769216,27.143424,10.04306688,39.9168,21.623616,16.010316
4.49,40.0059,14.802183,27.204012,10.06548444,40.0059,21.656583,16.043283
4.5,40.095,14.83515,27.2646,10.087902,40.095,21.68955,16.07625
4.51,40.1841,14.868117,27.325188,10.11031956,40.1841,21.722517,16.109217
4.52,40.2732,14.901084,27.385776,10.13273712,40.2732,21.755484,16.142184
4.53,40.3623,14.934051,27.446364,10.15515468,40.3623,21.788451,16.175151
4.54,40.4514,14.967018,27.506952,10.17757224,40.4514,21.821418,16.208118
4.55,40.5405,14.999985,27.56754,10.1999898,40.5405,21.854385,16.241085
4.56,40.6296,15.032952,27.628128,10.22240736,40.6296,21.887352,16.274052
4.57,40.7187,15.065919,27.688716,10.24482492,40.7187,21.920319,16.307019
4.58,40.8078,15.098886,27.749304,10.26724248,40.8078,21.953286,16.339986
4.59,40.8969,15.131853,27.809892,10.28966004,40.8969,21.986253,16.372953
4.6,40.986,15.16482,27.87048,10.3120776,40.986,22.01922,16.40592
4.61,41.0751,15.197787,27.931068,10.33449516,41.0751,22.052187,16.438887
4.62,41.1642,15.230754,27.991656,10.35691272,41.1642,22.085154,16.471854
4.63,41.2533,15.263721,28.052244,10.37933028,41.2533,22.118121,16.504821
4.64,41.3424,15.296688,28.112832,10.40174784,41.3424,22.151088,16.537788
4.65,41.4315,15.329655,28.17342,10.4241654,41.4315,22.184055,16.570755
4.66,41.5206,15.362622,28.234008,10.44658296,41.5206,22.217022,16.603722
4.67,41.6097,15.395589,28.294596,10.46900052,41.6097,22.249989,16.636689
4.68,41.6988,15.428556,28.355184,10.49141808,41.6988,22.282956,16.669656
4.69,41.7879,15.461523,28.415772,10.51383564,41.7879,22.315923,16.702623
4.7,41.877,15.49449,28.47636,10.5362532,41.877,22.34889,16.73559
4.71,41.9661,15.527457,28.536948,10.55867076,41.9661,22.381857,16.768557
4.72,42.0552,15.560424,28.597536,10.58108832,42.0552,22.414824,16.801524
4.73,42.1443,15.593391,28.658124,10.60350588,42.1443,22.447791,16.834491
4.74,42.2334,15.626358,28.718712,10.62592344,42.2334,22.480758,16.867458
4.75,42.3225,15.659325,28.7793,10.648341,42.3225,22.513725,16.900425
4.76,42.4116,15.692292,28.839888,10.67075856,42.4116,22.546692,16.933392
4.77,42.5007,15.725259,28.900476,10.69317612,42.5007,22.579659,16.966359
4.78,42.5898,15.758226,28.961064,10.71559368,42.5898,22.612626,16.999326
4.79,42.6789,15.791193,29.021652,10.73801124,42.6789,22.645593,17.032293
4.8,42.768,15.82416,29.08224,10.7604288,42.768,22.67856,17.06526
4.81,42.8571,15.857127,29.142828,10.78284636,42.8571,22.711527,17.098227
4.82,42.9462,15.890094,29.203416,10.80526392,42.9462,22.744494,17.131194
4.83,43.0353,15.923061,29.264004,10.82768148,43.0353,22.777461,17.164161
4.84,43.1244,15.956028,29.324592,10.85009904,43.1244,22.810428,17.197128
4.85,43.2135,15.988995,29.38518,10.8725166,43.2135,22.843395,17.230095
4.86,43.3026,16.021962,29.445768,10.89493416,43.3026,22.876362,17.263062
4.87,43.3917,16.054929,29.506356,10.91735172,43.3917,22.909329,17.296029
4.88,43.4808,16.087896,29.566944,10.93976928,43.4808,22.942296,17.328996
4.89,43.5699,16.120863,29.627532,10.96218684,43.5699,22.975263,17.361963
4.9,43.659,16.15383,29.68812,10.9846044,43.659,23.00823,17.39493
4.91,43.7481,16.186797,29.748708,11.00702196,43.7481,23.041197,17.427897
4.92,43.8372,16.219764,29.809296,11.02943952,43.8372,23.074164,17.460864
4.93,43.9263,16.252731,29.869884,11.05185708,43.9263,23.107131,17.493831
4.94,44.0154,16.285698,29.930472,11.07427464,44.0154,23.140098,17.526798
4.95,44.1045,16.318665,29.99106,11.0966922,44.1045,23.173065,17.559765
4.96,44.1936,16.351632,30.051648,11.11910976,44.1936,23.206032,17.592732
4.97,44.2827,16.384599,30.112236,11.14152732,44.2827,23.238999,17.625699
4.98,44.3718,16.417566,30.172824,11.16394488,44.3718,23.271966,17.658666
4.99,44.4609,16.450533,30.233412,11.18636244,44.4609,23.304933,17.691633
5,44.55,16.4835,30.294,11.20878,44.55,23.3379,17.7246
5.01,44.6391,16.516467,30.354588,11.23119756,44.6391,23.370867,17.757567
5.02,44.7282,16.549434,30.415176,11.25361512,44.7282,23.403834,17.790534
5.03,44.8173,16.582401,30.475764,11.27603268,44.8173,23.436801,17.823501
5.04,44.9064,16.615368,30.536352,11.29845024,44.9064,23.469768,17.856468
5.05,44.9955,16.648335,30.59694,11.3208678,44.9955,23.502735,17.889435
5.06,45.0846,16.681302,30.657528,11.34328536,45.0846,23.535702,17.922402
5.07,45.1737,16.714269,30.718116,11.36570292,45.1737,23.568669,17.955369
5.08,45.2628,16.747236,30.778704,11.38812048,45.2628,23.601636,17.988336
5.09,45.3519,16.780203,30.839292,11.41053804,45.3519,23.634603,18.021303
5.1,45.441,16.81317,30.89988,11.4329556,45.441,23.66757,18.05427
5.11,45.5301,16.846137,30.960468,11.45537316,45.5301,23.700537,18.087237
5.12,45.6192,16.879104,31.021056,11.47779072,45.6192,23.733504,18.120204
5.13,45.7083,16.912071,31.081644,11.50020828,45.7083,23.766471,18.153171
5.14,45.7974,16.945038,31.142232,11.52262584,45.7974,23.799438,18.186138
5.15,45.8865,16.978005,31.20282,11.5450434,45.8865,23.832405,18.219105
5.16,45.9756,17.010972,31.263408,11.56746096,45.9756,23.865372,18.252072
5.17,46.0647,17.043939,31.323996,11.58987852,46.0647,23.898339,18.285039
5.18,46.1538,17.076906,31.384584,11.61229608,46.1538,23.931306,18.318006
5.19,46.2429,17.109873,31.445172,11.63471364,46.2429,23.964273,18.350973
5.2,46.332,17.14284,31.50576,11.6571312,46.332,23.99724,18.38394
5.21,46.4211,17.175807,31.566348,11.67954876,46.4211,24.030207,18.416907
5.22,46.5102,17.208774,31.626936,11.70196632,46.5102,24.063174,18.449874
5.23,46.5993,17.241741,31.687524,11.72438388,46.5993,24.096141,18.482841
5.24,46.6884,17.274708,31.748112,11.74680144,46.6884,24.129108,18.515808
5.25,46.7775,17.307675,31.8087,11.769219,46.7775,24.162075,18.548775
5.26,46.8666,17.340642,31.869288,11.79163656,46.8666,24.195042,18.581742
5.27,46.9557,17.373609,31.929876,11.81405412,46.9557,24.228009,18.614709
5.28,47.0448,17.406576,31.990464,11.83647168,47.0448,24.260976,18.647676
5.29,47.1339,17.439543,32.051052,11.85888924,47.1339,24.293943,18.680643
5.3,47.223,17.47251,32.11164,11.8813068,47.223,24.32691,18.71361
5.31,47.3121,17.505477,32.172228,11.90372436,47.3121,24.359877,18.746577
5.32,47.4012,17.538444,32.232816,11.92614192,47.4012,24.392844,18.779544
5.33,47.4903,17.571411,32.293404,11.94855948,47.4903,24.425811,18.812511
5.34,47.5794,17.604378,32.353992,11.97097704,47.5794,24.458778,18.845478
5.35,47.6685,17.637345,32.41458,11.9933946,47.6685,24.491745,18.878445
5.36,47.7576,17.670312,32.475168,12.01581216,47.7576,24.524712,18.911412
5.37,47.8467,17.703279,32.535756,12.03822972,47.8467,24.557679,18.944379
5.38,47.9358,17.736246,32.596344,12.06064728,47.9358,24.590646,18.977346
5.39,48.0249,17.769213,32.656932,12.08306484,48.0249,24.623613,19.010313
5.4,48.114,17.80218,32.71752,12.1054824,48.114,24.65658,19.04328
5.41,48.2031,17.835147,32.778108,12.12789996,48.2031,24.689547,19.076247
5.42,48.2922,17.868114,32.838696,12.15031752,48.2922,24.722514,19.109214
5.43,48.3813,17.901081,32.899284,12.17273508,48.3813,24.755481,19.142181
5.44,48.4704,17.934048,32.959872,12.19515264,48.4704,24.788448,19.175148
5.45,48.5595,17.967015,33.02046,12.2175702,48.5595,24.821415,19.208115
5.46,48.6486,17.999982,33.081048,12.23998776,48.6486,24.854382,19.241082
5.47,48.7377,18.032949,33.141636,12.26240532,48.7377,24.887349,19.274049
5.48,48.8268,18.065916,33.202224,12.28482288,48.8268,24.920316,19.307016
5.49,48.9159,18.098883,33.262812,12.30724044,48.9159,24.953283,19.339983
5.5,49.005,18.13185,33.3234,12.329658,49.005,24.98625,19.37295
5.51,49.0941,18.164817,33.383988,12.35207556,49.0941,25.019217,19.405917
5.52,49.1832,18.197784,33.444576,12.37449312,49.1832,25.052184,19.438884
5.53,49.2723,18.230751,33.505164,12.39691068,49.2723,25.085151,19.471851
5.54,49.3614,18.263718,33.565752,12.41932824,49.3614,25.118118,19.504818
5.55,49.4505,18.296685,33.62634,12.4417458,49.4505,25.151085,19.537785
5.56,49.5396,18.329652,33.686928,12.46416336,49.5396,25.184052,19.570752
5.57,49.6287,18.362619,33.747516,12.48658092,49.6287,25.217019,19.603719
5.58,49.7178,18.395586,33.808104,12.50899848,49.7178,25.249986,19.636686
5.59,49.8069,18.428553,33.868692,12.53141604,49.8069,25.282953,19.669653
5.6,49.896,18.46152,33.92928,12.5538336,49.896,25.31592,19.70262
5.61,49.9851,18.494487,33.989868,12.57625116,49.9851,25.348887,19.735587
5.62,50.0742,18.527454,34.050456,12.59866872,50.0742,25.381854,19.768554
5.63,50.1633,18.560421,34.111044,12.62108628,50.1633,25.414821,19.801521
5.64,50.2524,18.593388,34.171632,12.64350384,50.2524,25.447788,19.834488
5.65,50.3415,18.626355,34.23222,12.6659214,50.3415,25.480755,19.867455
5.66,50.4306,18.659322,34.292808,12.68833896,50.4306,25.513722,19.900422
5.67,50.5197,18.692289,34.353396,12.71075652,50.5197,25.546689,19.933389
5.68,50.6088,18.725256,34.413984,12.73317408,50.6088,25.579656,19.966356
5.69,50.6979,18.758223,34.474572,12.75559164,50.6979,25.612623,19.999323
5.7,50.787,18.79119,34.53516,12.7780092,50.787,25.64559,20.03229
5.71,50.8761,18.824157,34.595748,12.80042676,50.8761,25.678557,20.065257
5.72,50.9652,18.857124,34.656336,12.82284432,50.9652,25.711524,20.098224
5.73,51.0543,18.890091,34.716924,12.84526188,51.0543,25.744491,20.131191
5.74,51.1434,18.923058,34.777512,12.86767944,51.1434,25.777458,20.164158
5.75,51.2325,18.956025,34.8381,12.890097,51.2325,25.810425,20.197125
5.76,51.3216,18.988992,34.898688,12.91251456,51.3216,25.843392,20.230092
5.77,51.4107,19.021959,34.959276,12.93493212,51.4107,25.876359,20.263059
5.78,51.4998,19.054926,35.019864,12.95734968,51.4998,25.909326,20.296026
5.79,51.5889,19.087893,35.080452,12.97976724,51.5889,25.942293,20.328993
5.8,51.678,19.12086,35.14104,13.0021848,51.678,25.97526,20.36196
5.81,51.7671,19.153827,35.201628,13.02460236,51.7671,26.008227,20.394927
5.82,51.8562,19.186794,35.262216,13.04701992,51.8562,26.041194,20.427894
5.83,51.9453,19.219761,35.322804,13.06943748,51.9453,26.074161,20.460861
5.84,52.0344,19.252728,35.383392,13.09185504,52.0344,26.107128,20.493828
5.85,52.1235,19.285695,35.44398,13.1142726,52.1235,26.140095,20.526795
5.86,52.2126,19.318662,35.504568,13.13669016,52.2126,26.173062,20.559762
5.87,52.3017,19.351629,35.565156,13.15910772,52.3017,26.206029,20.592729
5.88,52.3908,19.384596,35.625744,13.18152528,52.3908,26.238996,20.625696
5.89,52.4799,19.417563,35.686332,13.20394284,52.4799,26.271963,20.658663
5.9,52.569,19.45053,35.74692,13.2263604,52.569,26.30493,20.69163
5.91,52.6581,19.483497,35.807508,13.24877796,52.6581,26.337897,20.724597
5.92,52.7472,19.516464,35.868096,13.27119552,52.7472,26.370864,20.757564
5.93,52.8363,19.549431,35.928684,13.29361308,52.8363,26.403831,20.790531
5.94,52.9254,19.582398,35.989272,13.31603064,52.9254,26.436798,20.823498
5.95,53.0145,19.615365,36.04986,13.3384482,53.0145,26.469765,20.856465
5.96,53.1036,19.648332,36.110448,13.36086576,53.1036,26.502732,20.889432
5.97,53.1927,19.681299,36.171036,13.38328332,53.1927,26.535699,20.922399
5.98,53.2818,19.714266,36.231624,13.40570088,53.2818,26.568666,20.955366
5.99,53.3709,19.747233,36.292212,13.42811844,53.3709,26.601633,20.988333
6,53.46,19.7802,36.3528,13.450536,53.46,26.6346,21.0213
6.01,53.5491,19.813167,36.413388,13.47295356,53.5491,26.667567,21.054267
6.02,53.6382,19.846134,36.473976,13.49537112,53.6382,26.700534,21.087234
6.03,53.7273,19.879101,36.534564,13.51778868,53.7273,26.733501,21.120201
6.04,53.8164,19.912068,36.595152,13.54020624,53.8164,26.766468,21.153168
6.05,53.9055,19.945035,36.65574,13.5626238,53.9055,26.799435,21.186135
6.06,53.9946,19.978002,36.716328,13.58504136,53.9946,26.832402,21.219102
6.07,54.0837,20.010969,36.776916,13.60745892,54.0837,26.865369,21.252069
6.08,54.1728,20.043936,36.837504,13.62987648,54.1728,26.898336,21.285036
6.09,54.2619,20.076903,36.898092,13.65229404,54.2619,26.931303,21.318003
6.1,54.351,20.10987,36.95868,13.6747116,54.351,26.96427,21.35097
6.11,54.4401,20.142837,37.019268,13.69712916,54.4401,26.997237,21.383937
6.12,54.5292,20.175804,37.079856,13.71954672,54.5292,27.030204,21.416904
6.13,54.6183,20.208771,37.140444,13.74196428,54.6183,27.063171,21.449871
6.14,54.7074,20.241738,37.201032,13.76438184,54.7074,27.096138,21.482838
6.15,54.7965,20.274705,37.26162,13.7867994,54.7965,27.129105,21.515805
6.16,54.8856,20.307672,37.322208,13.80921696,54.8856,27.162072,21.548772
6.17,54.9747,20.340639,37.382796,13.83163452,54.9747,27.195039,21.581739
6.18,55.0638,20.373606,37.443384,13.85405208,55.0638,27.228006,21.614706
6.19,55.1529,20.406573,37.503972,13.87646964,55.1529,27.260973,21.647673
6.2,55.242,20.43954,37.56456,13.8988872,55.242,27.29394,21.68064
6.21,55.3311,20.472507,37.625148,13.92130476,55.3311,27.326907,21.713607
6.22,55.4202,20.505474,37.685736,13.94372232,55.4202,27.359874,21.746574
6.23,55.5093,20.538441,37.746324,13.96613988,55.5093,27.392841,21.779541
6.24,55.5984,20.571408,37.806912,13.98855744,55.5984,27.425808,21.812508
6.25,55.6875,20.604375,37.8675,14.010975,55.6875,27.458775,21.845475
6.26,55.7766,20.637342,37.928088,14.03339256,55.7766,27.491742,21.878442
6.27,55.8657,20.670309,37.988676,14.05581012,55.8657,27.524709,21.911409
6.28,55.9548,20.703276,38.049264,14.07822768,55.9548,27.557676,21.944376
6.29,56.0439,20.736243,38.109852,14.10064524,56.0439,27.590643,21.977343
6.3,56.133,20.76921,38.17044,14.1230628,56.133,27.62361,22.01031
6.31,56.2221,20.802177,38.231028,14.14548036,56.2221,27.656577,22.043277
6.32,56.3112,20.835144,38.291616,14.16789792,56.3112,27.689544,22.076244
6.33,56.4003,20.868111,38.352204,14.19031548,56.4003,27.722511,22.109211
6.34,56.4894,20.901078,38.412792,14.21273304,56.4894,27.755478,22.142178
6.35,56.5785,20.934045,38.47338,14.2351506,56.5785,27.788445,22.175145
6.36,56.6676,20.967012,38.533968,14.25756816,56.6676,27.821412,22.208112
6.37,56.7567,20.999979,38.594556,14.27998572,56.7567,27.854379,22.241079
6.38,56.8458,21.032946,38.655144,14.30240328,56.8458,27.887346,22.274046
6.39,56.9349,21.065913,38.715732,14.32482084,56.9349,27.920313,22.307013
6.4,57.024,21.09888,38.77632,14.3472384,57.024,27.95328,22.33998
6.41,57.1131,21.131847,38.836908,14.36965596,57.1131,27.986247,22.372947
6.42,57.2022,21.164814,38.897496,14.39207352,57.2022,28.019214,22.405914
6.43,57.2913,21.197781,38.958084,14.41449108,57.2913,28.052181,22.438881
6.44,57.3804,21.230748,39.018672,14.43690864,57.3804,28.085148,22.471848
6.45,57.4695,21.263715,39.07926,14.4593262,57.4695,28.118115,22.504815
6.46,57.5586,21.296682,39.139848,14.48174376,57.5586,28.151082,22.537782
6.47,57.6477,21.329649,39.200436,14.50416132,57.6477,28.184049,22.570749
6.48,57.7368,21.362616,39.261024,14.52657888,57.7368,28.217016,22.603716
6.49,57.8259,21.395583,39.321612,14.54899644,57.8259,28.249983,22.636683
6.5,57.915,21.42855,39.3822,14.571414,57.915,28.28295,22.66965
6.51,58.0041,21.461517,39.442788,14.59383156,58.0041,28.315917,22.702617
6.52,58.0932,21.494484,39.503376,14.61624912,58.0932,28.348884,22.735584
6.53,58.1823,21.527451,39.563964,14.63866668,58.1823,28.381851,22.768551
6.54,58.2714,21.560418,39.624552,14.66108424,58.2714,28.414818,22.801518
6.55,58.3605,21.593385,39.68514,14.6835018,58.3605,28.447785,22.834485
6.56,58.4496,21.626352,39.745728,14.70591936,58.4496,28.480752,22.867452
6.57,58.5387,21.659319,39.806316,14.72833692,58.5387,28.513719,22.900419
6.58,58.6278,21.692286,39.866904,14.75075448,58.6278,28.546686,22.933386
6.59,58.7169,21.725253,39.927492,14.77317204,58.7169,28.579653,22.966353
6.6,58.806,21.75822,39.98808,14.7955896,58.806,28.61262,22.99932
6.61,58.8951,21.791187,40.048668,14.81800716,58.8951,28.645587,23.032287
6.62,58.9842,21.824154,40.109256,14.84042472,58.9842,28.678554,23.065254
6.63,59.0733,21.857121,40.169844,14.86284228,59.0733,28.711521,23.098221
6.64,59.1624,21.890088,40.230432,14.88525984,59.1624,28.744488,23.131188
6.65,59.2515,21.923055,40.29102,14.9076774,59.2515,28.777455,23.164155
6.66,59.3406,21.956022,40.351608,14.93009496,59.3406,28.810422,23.197122
6.67,59.4297,21.988989,40.412196,14.95251252,59.4297,28.843389,23.230089
6.68,59.5188,22.021956,40.472784,14.97493008,59.5188,28.876356,23.263056
6.69,59.6079,22.054923,40.533372,14.99734764,59.6079,28.909323,23.296023
6.7,59.697,22.08789,40.59396,15.0197652,59.697,28.94229,23.32899
6.71,59.7861,22.120857,40.654548,15.04218276,59.7861,28.975257,23.361957
6.72,59.8752,22.153824,40.715136,15.06460032,59.8752,29.008224,23.394924
6.73,59.9643,22.186791,40.775724,15.08701788,59.9643,29.041191,23.427891
6.74,60.0534,22.219758,40.836312,15.10943544,60.0534,29.074158,23.460858
6.75,60.1425,22.252725,40.8969,15.131853,60.1425,29.107125,23.493825
6.76,60.2316,22.285692,40.957488,15.15427056,60.2316,29.140092,23.526792
6.77,60.3207,22.318659,41.018076,15.17668812,60.3207,29.173059,23.559759
6.78,60.4098,22.351626,41.078664,15.19910568,60.4098,29.206026,23.592726
6.79,60.4989,22.384593,41.139252,15.22152324,60.4989,29.238993,23.625693
6.8,60.588,22.41756,41.19984,15.2439408,60.588,29.27196,23.65866
6.81,60.6771,22.450527,41.260428,15.26635836,60.6771,29.304927,23.691627
6.82,60.7662,22.483494,41.321016,15.28877592,60.7662,29.337894,23.724594
6.83,60.8553,22.516461,41.381604,15.31119348,60.8553,29.370861,23.757561
6.84,60.9444,22.549428,41.442192,15.33361104,60.9444,29.403828,23.790528
6.85,61.0335,22.582395,41.50278,15.3560286,61.0335,29.436795,23.823495
6.86,61.1226,22.615362,41.563368,15.37844616,61.1226,29.469762,23.856462
6.87,61.2117,22.648329,41.623956,15.40086372,61.2117,29.502729,23.889429
6.88,61.3008,22.681296,41.684544,15.42328128,61.3008,29.535696,23.922396
6.89,61.3899,22.714263,41.745132,15.44569884,61.3899,29.568663,23.955363
6.9,61.479,22.74723,41.80572,15.4681164,61.479,29.60163,23.98833
6.91,61.5681,22.780197,41.866308,15.49053396,61.5681,29.634597,24.021297
6.92,61.6572,22.813164,41.926896,15.51295152,61.6572,29.667564,24.054264
6.93,61.7463,22.846131,41.987484,15.53536908,61.7463,29.700531,24.087231
6.94,61.8354,22.879098,42.048072,15.55778664,61.8354,29.733498,24.120198
6.95,61.9245,22.912065,42.10866,15.5802042,61.9245,29.766465,24.153165
6.96,62.0136,22.945032,42.169248,15.60262176,62.0136,29.799432,24.186132
6.97,62.1027,22.977999,42.229836,15.62503932,62.1027,29.832399,24.219099
6.98,62.1918,23.010966,42.290424,15.64745688,62.1918,29.865366,24.252066
6.99,62.2809,23.043933,42.351012,15.66987444,62.2809,29.898333,24.285033
7,62.37,23.0769,42.4116,15.692292,62.37,29.9313,24.318
7.01,62.4591,23.109867,42.472188,15.71470956,62.4591,29.964267,24.350967
7.02,62.5482,23.142834,42.532776,15.73712712,62.5482,29.997234,24.383934
7.03,62.6373,23.175801,42.593364,15.75954468,62.6373,30.030201,24.416901
7.04,62.7264,23.208768,42.653952,15.78196224,62.7264,30.063168,24.449868
7.05,62.8155,23.241735,42.71454,15.8043798,62.8155,30.096135,24.482835
7.06,62.9046,23.274702,42.775128,15.82679736,62.9046,30.129102,24.515802
7.07,62.9937,23.307669,42.835716,15.84921492,62.9937,30.162069,24.548769
7.08,63.0828,23.340636,42.896304,15.87163248,63.0828,30.195036,24.581736
7.09,63.1719,23.373603,42.956892,15.89405004,63.1719,30.228003,24.614703
7.1,63.261,23.40657,43.01748,15.9164676,63.261,30.26097,24.64767
7.11,63.3501,23.439537,43.078068,15.93888516,63.3501,30.293937,24.680637
7.12,63.4392,23.472504,43.138656,15.96130272,63.4392,30.326904,24.713604
7.13,63.5283,23.505471,43.199244,15.98372028,63.5283,30.359871,24.746571
7.14,63.6174,23.538438,43.259832,16.00613784,63.6174,30.392838,24.779538
7.15,63.7065,23.571405,43.32042,16.0285554,63.7065,30.425805,24.812505
7.16,63.7956,23.604372,43.381008,16.05097296,63.7956,30.458772,24.845472
7.17,63.8847,23.637339,43.441596,16.07339052,63.8847,30.491739,24.878439
7.18,63.9738,23.670306,43.502184,16.09580808,63.9738,30.524706,24.911406
7.19,64.0629,23.703273,43.562772,16.11822564,64.0629,30.557673,24.944373
7.2,64.152,23.73624,43.62336,16.1406432,64.152,30.59064,24.97734
7.21,64.2411,23.769207,43.683948,16.16306076,64.2411,30.623607,25.010307
7.22,64.3302,23.802174,43.744536,16.18547832,64.3302,30.656574,25.043274
7.23,64.4193,23.835141,43.805124,16.20789588,64.4193,30.689541,25.076241
7.24,64.5084,23.868108,43.865712,16.23031344,64.5084,30.722508,25.109208
7.25,64.5975,23.901075,43.9263,16.252731,64.5975,30.755475,25.142175
7.26,64.6866,23.934042,43.986888,16.27514856,64.6866,30.788442,25.175142
7.27,64.7757,23.967009,44.047476,16.29756612,64.7757,30.821409,25.208109
7.28,64.8648,23.999976,44.108064,16.31998368,64.8648,30.854376,25.241076
7.29,64.9539,24.032943,44.168652,16.34240124,64.9539,30.887343,25.274043
7.3,65.043,24.06591,44.22924,16.3648188,65.043,30.92031,25.30701
7.31,65.1321,24.098877,44.289828,16.38723636,65.1321,30.953277,25.339977
7.32,65.2212,24.131844,44.350416,16.40965392,65.2212,30.986244,25.372944
7.33,65.3103,24.164811,44.411004,16.43207148,65.3103,31.019211,25.405911
7.34,65.3994,24.197778,44.471592,16.45448904,65.3994,31.052178,25.438878
7.35,65.4885,24.230745,44.53218,16.4769066,65.4885,31.085145,25.471845
7.36,65.5776,24.263712,44.592768,16.49932416,65.5776,31.118112,25.504812
7.37,65.6667,24.296679,44.653356,16.52174172,65.6667,31.151079,25.537779
7.38,65.7558,24.329646,44.713944,16.54415928,65.7558,31.184046,25.570746
7.39,65.8449,24.362613,44.774532,16.56657684,65.8449,31.217013,25.603713
7.4,65.934,24.39558,44.83512,16.5889944,65.934,31.24998,25.63668
7.41,66.0231,24.428547,44.895708,16.61141196,66.0231,31.282947,25.669647
7.42,66.1122,24.461514,44.956296,16.63382952,66.1122,31.315914,25.702614
7.43,66.2013,24.494481,45.016884,16.65624708,66.2013,31.348881,25.735581
7.44,66.2904,24.527448,45.077472,16.67866464,66.2904,31.381848,25.768548
7.45,66.3795,24.560415,45.13806,16.7010822,66.3795,31.414815,25.801515
7.46,66.4686,24.593382,45.198648,16.72349976,66.4686,31.447782,25.834482
7.47,66.5577,24.626349,45.259236,16.74591732,66.5577,31.480749,25.867449
7.48,66.6468,24.659316,45.319824,16.76833488,66.6468,31.513716,25.900416
7.49,66.7359,24.692283,45.380412,16.79075244,66.7359,31.546683,25.933383
7.5,66.825,24.72525,45.441,16.81317,66.825,31.57965,25.96635
7.51,66.9141,24.758217,45.501588,16.83558756,66.9141,31.612617,25.999317
7.52,67.0032,24.791184,45.562176,16.85800512,67.0032,31.645584,26.032284
7.53,67.0923,24.824151,45.622764,16.88042268,67.0923,31.678551,26.065251
7.54,67.1814,24.857118,45.683352,16.90284024,67.1814,31.711518,26.098218
7.55,67.2705,24.890085,45.74394,16.9252578,67.2705,31.744485,26.131185
7.56,67.3596,24.923052,45.804528,16.94767536,67.3596,31.777452,26.164152
7.57,67.4487,24.956019,45.865116,16.97009292,67.4487,31.810419,26.197119
7.58,67.5378,24.988986,45.925704,16.99251048,67.5378,31.843386,26.230086
7.59,67.6269,25.021953,45.986292,17.01492804,67.6269,31.876353,26.263053
7.6,67.716,25.05492,46.04688,17.0373456,67.716,31.90932,26.29602
7.61,67.8051,25.087887,46.107468,17.05976316,67.8051,31.942287,26.328987
7.62,67.8942,25.120854,46.168056,17.08218072,67.8942,31.975254,26.361954
7.63,67.9833,25.153821,46.228644,17.10459828,67.9833,32.008221,26.394921
7.64,68.0724,25.186788,46.289232,17.12701584,68.0724,32.041188,26.427888
7.65,68.1615,25.219755,46.34982,17.1494334,68.1615,32.074155,26.460855
7.66,68.2506,25.252722,46.410408,17.17185096,68.2506,32.107122,26.493822
7.67,68.3397,25.285689,46.470996,17.19426852,68.3397,32.140089,26.526789
7.68,68.4288,25.318656,46.531584,17.21668608,68.4288,32.173056,26.559756
7.69,68.5179,25.351623,46.592172,17.23910364,68.5179,32.206023,26.592723
7.7,68.607,25.38459,46.65276,17.2615212,68.607,32.23899,26.62569
7.71,68.6961,25.417557,46.713348,17.28393876,68.6961,32.271957,26.658657
7.72,68.7852,25.450524,46.773936,17.30635632,68.7852,32.304924,26.691624
7.73,68.8743,25.483491,46.834524,17.32877388,68.8743,32.337891,26.724591
7.74,68.9634,25.516458,46.895112,17.35119144,68.9634,32.370858,26.757558
7.75,69.0525,25.549425,46.9557,17.373609,69.0525,32.403825,26.790525
7.76,69.1416,25.582392,47.016288,17.39602656,69.1416,32.436792,26.823492
7.77,69.2307,25.615359,47.076876,17.41844412,69.2307,32.469759,26.856459
7.78,69.3198,25.648326,47.137464,17.44086168,69.3198,32.502726,26.889426
7.79,69.4089,25.681293,47.198052,17.46327924,69.4089,32.535693,26.922393
7.8,69.498,25.71426,47.25864,17.4856968,69.498,32.56866,26.95536
7.81,69.5871,25.747227,47.319228,17.50811436,69.5871,32.601627,26.988327
7.82,69.6762,25.780194,47.379816,17.53053192,69.6762,32.634594,27.021294
7.83,69.7653,25.813161,47.440404,17.55294948,69.7653,32.667561,27.054261
7.84,69.8544,25.846128,47.500992,17.57536704,69.8544,32.700528,27.087228
7.85,69.9435,25.879095,47.56158,17.5977846,69.9435,32.733495,27.120195
7.86,70.0326,25.912062,47.622168,17.62020216,70.0326,32.766462,27.153162
7.87,70.1217,25.945029,47.682756,17.64261972,70.1217,32.799429,27.186129
7.88,70.2108,25.977996,47.743344,17.66503728,70.2108,32.832396,27.219096
7.89,70.2999,26.010963,47.803932,17.68745484,70.2999,32.865363,27.252063
7.9,70.389,26.04393,47.86452,17.7098724,70.389,32.89833,27.28503
7.91,70.4781,26.076897,47.925108,17.73228996,70.4781,32.931297,27.317997
7.92,70.5672,26.109864,47.985696,17.75470752,70.5672,32.964264,27.350964
7.93,70.6563,26.142831,48.046284,17.77712508,70.6563,32.997231,27.383931
7.94,70.7454,26.175798,48.106872,17.79954264,70.7454,33.030198,27.416898
7.95,70.8345,26.208765,48.16746,17.8219602,70.8345,33.063165,27.449865
7.96,70.9236,26.241732,48.228048,17.84437776,70.9236,33.096132,27.482832
7.97,71.0127,26.274699,48.288636,17.86679532,71.0127,33.129099,27.515799
7.98,71.1018,26.307666,48.349224,17.88921288,71.1018,33.162066,27.548766
7.99,71.1909,26.340633,48.409812,17.91163044,71.1909,33.195033,27.581733
8,71.28,26.3736,48.4704,17.934048,71.28,33.228,27.6147
8.01,71.3691,26.406567,48.530988,17.95646556,71.3691,33.260967,27.647667
8.02,71.4582,26.439534,48.591576,17.97888312,71.4582,33.293934,27.680634
8.03,71.5473,26.472501,48.652164,18.00130068,71.5473,33.326901,27.713601
8.04,71.6364,26.505468,48.712752,18.02371824,71.6364,33.359868,27.746568
8.05,71.7255,26.538435,48.77334,18.0461358,71.7255,33.392835,27.779535
8.06,71.8146,26.571402,48.833928,18.06855336,71.8146,33.425802,27.812502
8.07,71.9037,26.604369,48.894516,18.09097092,71.9037,33.458769,27.845469
8.08,71.9928,26.637336,48.955104,18.11338848,71.9928,33.491736,27.878436
8.09,72.0819,26.670303,49.015692,18.13580604,72.0819,33.524703,27.911403
8.1,72.171,26.70327,49.07628,18.1582236,72.171,33.55767,27.94437
8.11,72.2601,26.736237,49.136868,18.18064116,72.2601,33.590637,27.977337
8.12,72.3492,26.769204,49.197456,18.20305872,72.3492,33.623604,28.010304
8.13,72.4383,26.802171,49.258044,18.22547628,72.4383,33.656571,28.043271
8.14,72.5274,26.835138,49.318632,18.24789384,72.5274,33.689538,28.076238
8.15,72.6165,26.868105,49.37922,18.2703114,72.6165,33.722505,28.109205
8.16,72.7056,26.901072,49.439808,18.29272896,72.7056,33.755472,28.142172
8.17,72.7947,26.934039,49.500396,18.31514652,72.7947,33.788439,28.175139
8.18,72.8838,26.967006,49.560984,18.33756408,72.8838,33.821406,28.208106
8.19,72.9729,26.999973,49.621572,18.35998164,72.9729,33.854373,28.241073
8.2,73.062,27.03294,49.68216,18.3823992,73.062,33.88734,28.27404
8.21,73.1511,27.065907,49.742748,18.40481676,73.1511,33.920307,28.307007
8.22,73.2402,27.098874,49.803336,18.42723432,73.2402,33.953274,28.339974
8.23,73.3293,27.131841,49.863924,18.44965188,73.279341,33.986241,28.372941
8.24,73.4184,27.164808,49.924512,18.47206944,73.312308,34.019208,28.405908
8.25,73.5075,27.197775,49.9851,18.494487,73.345275,34.052175,28.438875
8.26,73.5966,27.230742,50.045688,18.51690456,73.378242,34.085142,28.471842
8.27,73.6857,27.263709,50.106276,18.53932212,73.411209,34.118109,28.504809
8.28,73.7748,27.296676,50.166864,18.56173968,73.444176,34.151076,28.537776
8.29,73.8639,27.329643,50.227452,18.58415724,73.477143,34.184043,28.570743
8.3,73.953,27.36261,50.28804,18.6065748,73.51011,34.21701,28.60371
8.31,74.0421,27.395577,50.348628,18.62899236,73.543077,34.249977,28.636677
8.32,74.1312,27.428544,50.409216,18.65140992,73.576044,34.282944,28.669644
8.33,74.2203,27.461511,50.469804,18.67382748,73.609011,34.315911,28.702611
8.34,74.3094,27.494478,50.530392,18.69624504,73.641978,34.348878,28.735578
8.35,74.3985,27.527445,50.59098,18.7186626,73.674945,34.381845,28.768545
8.36,74.4876,27.560412,50.651568,18.74108016,73.707912,34.414812,28.801512
8.37,74.5767,27.593379,50.712156,18.76349772,73.740879,34.447779,28.834479
8.38,74.6658,27.626346,50.772744,18.78591528,73.773846,34.480746,28.867446
8.39,74.7549,27.659313,50.833332,18.80833284,73.806813,34.513713,28.900413
8.4,74.844,27.69228,50.89392,18.8307504,73.83978,34.54668,28.93338
8.41,74.9331,27.725247,50.954508,18.85316796,73.872747,34.579647,28.966347
8.42,75.0222,27.758214,51.015096,18.87558552,73.905714,34.612614,28.999314
8.43,75.1113,27.791181,51.075684,18.89800308,73.938681,34.645581,29.032281
8.44,75.2004,27.824148,51.136272,18.92042064,73.971648,34.678548,29.065248
8.45,75.2895,27.857115,51.19686,18.9428382,74.004615,34.711515,29.098215
8.46,75.3786,27.890082,51.257448,18.96525576,74.037582,34.744482,29.131182
8.47,75.4677,27.923049,51.318036,18.98767332,74.070549,34.777449,29.164149
8.48,75.5568,27.956016,51.378624,19.01009088,74.103516,34.810416,29.197116
8.49,75.6459,27.988983,51.439212,19.03250844,74.136483,34.843383,29.230083
8.5,75.735,28.02195,51.4998,19.054926,74.16945,34.87635,29.26305
8.51,75.8241,28.054917,51.560388,19.07734356,74.202417,34.909317,29.296017
8.52,75.9132,28.087884,51.620976,19.09976112,74.235384,34.942284,29.328984
8.53,76.0023,28.120851,51.681564,19.12217868,74.268351,34.975251,29.361951
8.54,76.0914,28.153818,51.742152,19.14459624,74.301318,35.008218,29.394918
8.55,76.1805,28.186785,51.80274,19.1670138,74.334285,35.041185,29.427885
8.56,76.2696,28.219752,51.863328,19.18943136,74.367252,35.074152,29.460852
8.57,76.3587,28.252719,51.923916,19.21184892,74.400219,35.107119,29.493819
8.58,76.4478,28.285686,51.984504,19.23426648,74.433186,35.140086,29.526786
8.59,76.5369,28.318653,52.045092,19.25668404,74.466153,35.173053,29.559753
8.6,76.626,28.35162,52.10568,19.2791016,74.49912,35.20602,29.59272
8.61,76.7151,28.384587,52.166268,19.30151916,74.532087,35.238987,29.625687
8.62,76.8042,28.417554,52.226856,19.32393672,74.565054,35.271954,29.658654
8.63,76.8933,28.450521,52.287444,19.34635428,74.598021,35.304921,29.691621
8.64,76.9824,28.483488,52.348032,19.36877184,74.630988,35.337888,29.724588
8.65,77.0715,28.516455,52.40862,19.3911894,74.663955,35.370855,29.757555
8.66,77.1606,28.549422,52.469208,19.41360696,74.696922,35.403822,29.790522
8.67,77.2497,28.582389,52.529796,19.43602452,74.729889,35.436789,29.823489
8.68,77.3388,28.615356,52.590384,19.45844208,74.762856,35.469756,29.856456
8.69,77.4279,28.648323,52.650972,19.48085964,74.795823,35.502723,29.889423
8.7,77.517,28.68129,52.71156,19.5032772,74.82879,35.53569,29.92239
8.71,77.6061,28.714257,52.772148,19.52569476,74.861757,35.568657,29.955357
8.72,77.6952,28.747224,52.832736,19.54811232,74.894724,35.601624,29.988324
8.73,77.7843,28.780191,52.893324,19.57052988,74.927691,35.634591,30.021291
8.74,77.8734,28.813158,52.953912,19.59294744,74.960658,35.667558,30.054258
8.75,77.9625,28.846125,53.0145,19.615365,74.993625,35.700525,30.087225
8.76,78.0516,28.879092,53.075088,19.63778256,75.026592,35.733492,30.120192
8.77,78.1407,28.912059,53.135676,19.66020012,75.059559,35.766459,30.153159
8.78,78.2298,28.945026,53.196264,19.68261768,75.092526,35.799426,30.186126
8.79,78.3189,28.977993,53.256852,19.70503524,75.125493,35.832393,30.219093
8.8,78.408,29.01096,53.31744,19.7274528,75.15846,35.86536,30.25206
8.81,78.4971,29.043927,53.378028,19.74987036,75.191427,35.898327,30.285027
8.82,78.5862,29.076894,53.438616,19.77228792,75.224394,35.931294,30.317994
8.83,78.6753,29.109861,53.499204,19.79470548,75.257361,35.964261,30.350961
8.84,78.7644,29.142828,53.559792,19.81712304,75.290328,35.997228,30.383928
8.85,78.8535,29.175795,53.62038,19.8395406,75.323295,36.030195,30.416895
8.86,78.9426,29.208762,53.680968,19.86195816,75.356262,36.063162,30.449862
8.87,79.0317,29.241729,53.741556,19.88437572,75.389229,36.096129,30.482829
8.88,79.1208,29.274696,53.802144,19.90679328,75.422196,36.129096,30.515796
8.89,79.2099,29.307663,53.862732,19.92921084,75.455163,36.162063,30.548763
8.9,79.299,29.34063,53.92332,19.9516284,75.48813,36.19503,30.58173
8.91,79.3881,29.373597,53.983908,19.97404596,75.521097,36.227997,30.614697
8.92,79.4772,29.406564,54.044496,19.99646352,75.554064,36.260964,30.647664
8.93,79.5663,29.439531,54.105084,20.01888108,75.587031,36.293931,30.680631
8.94,79.6554,29.472498,54.165672,20.04129864,75.619998,36.326898,30.713598
8.95,79.7445,29.505465,54.22626,20.0637162,75.652965,36.359865,30.746565
8.96,79.8336,29.538432,54.286848,20.08613376,75.685932,36.392832,30.779532
8.97,79.9227,29.571399,54.347436,20.10855132,75.718899,36.425799,30.812499
8.98,80.0118,29.604366,54.408024,20.13096888,75.751866,36.458766,30.845466
8.99,80.1009,29.637333,54.468612,20.15338644,75.784833,36.491733,30.878433
9,80.19,29.6703,54.5292,20.175804,75.8178,36.5247,30.9114
9.01,80.2791,29.703267,54.589788,20.19822156,75.850767,36.557667,30.944367
9.02,80.3682,29.736234,54.650376,20.22063912,75.883734,36.590634,30.977334
9.03,80.4573,29.769201,54.710964,20.24305668,75.916701,36.623601,31.010301
9.04,80.5464,29.802168,54.771552,20.26547424,75.949668,36.656568,31.043268
9.05,80.6355,29.835135,54.83214,20.2878918,75.982635,36.689535,31.076235
9.06,80.7246,29.868102,54.892728,20.31030936,76.015602,36.722502,31.109202
9.07,80.8137,29.901069,54.953316,20.33272692,76.048569,36.755469,31.142169
9.08,80.9028,29.934036,55.013904,20.35514448,76.081536,36.788436,31.175136
9.09,80.9919,29.967003,55.074492,20.37756204,76.114503,36.821403,31.208103
9.1,81.081,29.99997,55.13508,20.3999796,76.14747,36.85437,31.24107
9.11,81.1701,30.032937,55.195668,20.42239716,76.180437,36.887337,31.274037
9.12,81.2592,30.065904,55.256256,20.44481472,76.213404,36.920304,31.307004
9.13,81.3483,30.098871,55.316844,20.46723228,76.246371,36.953271,31.339971
9.14,81.4374,30.131838,55.377432,20.48964984,76.279338,36.986238,31.372938
9.15,81.5265,30.164805,55.43802,20.5120674,76.312305,37.019205,31.405905
9.16,81.6156,30.197772,55.498608,20.53448496,76.345272,37.052172,31.438872
9.17,81.7047,30.230739,55.559196,20.55690252,76.378239,37.085139,31.471839
9.18,81.7938,30.263706,55.619784,20.57932008,76.411206,37.118106,31.504806
9.19,81.8829,30.296673,55.680372,20.60173764,76.444173,37.151073,31.537773
9.2,81.972,30.32964,55.74096,20.6241552,76.47714,37.18404,31.57074
9.21,82.0611,30.362607,55.801548,20.64657276,76.510107,37.217007,31.603707
9.22,82.1502,30.395574,55.862136,20.66899032,76.543074,37.249974,31.636674
9.23,82.2393,30.428541,55.922724,20.69140788,76.576041,37.282941,31.669641
9.24,82.3284,30.461508,55.983312,20.71382544,76.609008,37.315908,31.702608
9.25,82.4175,30.494475,56.0439,20.736243,76.641975,37.348875,31.735575
9.26,82.5066,30.527442,56.104488,20.75866056,76.674942,37.381842,31.768542
9.27,82.5957,30.560409,56.165076,20.78107812,76.707909,37.414809,31.801509
9.28,82.6848,30.593376,56.225664,20.80349568,76.740876,37.447776,31.834476
9.29,82.7739,30.626343,56.286252,20.82591324,76.773843,37.480743,31.867443
9.3,82.863,30.65931,56.34684,20.8483308,76.80681,37.51371,31.90041
9.31,82.9521,30.692277,56.407428,20.87074836,76.839777,37.546677,31.933377
9.32,83.0412,30.725244,56.468016,20.89316592,76.872744,37.579644,31.966344
9.33,83.1303,30.758211,56.528604,20.91558348,76.905711,37.612611,31.999311
9.34,83.2194,30.791178,56.589192,20.93800104,76.938678,37.645578,32.032278
9.35,83.3085,30.824145,56.64978,20.9604186,76.971645,37.678545,32.065245
9.36,83.3976,30.857112,56.710368,20.98283616,77.004612,37.711512,32.098212
9.37,83.4867,30.890079,56.770956,21.00525372,77.037579,37.744479,32.131179
9.38,83.5758,30.923046,56.831544,21.02767128,77.070546,37.777446,32.164146
9.39,83.6649,30.956013,56.892132,21.05008884,77.103513,37.810413,32.197113
9.4,83.754,30.98898,56.95272,21.0725064,77.13648,37.84338,32.23008
9.41,83.8431,31.021947,57.013308,21.09492396,77.169447,37.876347,32.263047
9.42,83.9322,31.054914,57.073896,21.11734152,77.202414,37.909314,32.296014
9.43,84.0213,31.087881,57.134484,21.13975908,77.235381,37.942281,32.328981
9.44,84.1104,31.120848,57.195072,21.16217664,77.268348,37.975248,32.361948
9.45,84.1995,31.153815,57.25566,21.1845942,77.301315,38.008215,32.394915
9.46,84.2886,31.186782,57.316248,21.20701176,77.334282,38.041182,32.427882
9.47,84.3777,31.219749,57.376836,21.22942932,77.367249,38.074149,32.460849
9.48,84.4668,31.252716,57.437424,21.25184688,77.400216,38.107116,32.493816
9.49,84.5559,31.285683,57.498012,21.27426444,77.433183,38.140083,32.526783
9.5,84.645,31.31865,57.5586,21.296682,77.46615,38.17305,32.55975
9.51,84.7341,31.351617,57.619188,21.31909956,77.499117,38.206017,32.592717
9.52,84.8232,31.384584,57.679776,21.34151712,77.532084,38.238984,32.625684
9.53,84.9123,31.417551,57.740364,21.36393468,77.565051,38.271951,32.658651
9.54,85.0014,31.450518,57.800952,21.38635224,77.598018,38.304918,32.691618
9.55,85.0905,31.483485,57.86154,21.4087698,77.630985,38.337885,32.724585
9.56,85.1796,31.516452,57.922128,21.43118736,77.663952,38.370852,32.757552
9.57,85.2687,31.549419,57.982716,21.45360492,77.696919,38.403819,32.790519
9.58,85.3578,31.582386,58.043304,21.47602248,77.729886,38.436786,32.823486
9.59,85.4469,31.615353,58.103892,21.49844004,77.762853,38.469753,32.856453
9.6,85.536,31.64832,58.16448,21.5208576,77.79582,38.50272,32.88942
9.61,85.6251,31.681287,58.225068,21.54327516,77.828787,38.535687,32.922387
9.62,85.7142,31.714254,58.285656,21.56569272,77.861754,38.568654,32.955354
9.63,85.8033,31.747221,58.346244,21.58811028,77.894721,38.601621,32.988321
9.64,85.8924,31.780188,58.406832,21.61052784,77.927688,38.634588,33.021288
9.65,85.9815,31.813155,58.46742,21.6329454,77.960655,38.667555,33.054255
9.66,86.0706,31.846122,58.528008,21.65536296,77.993622,38.700522,33.087222
9.67,86.1597,31.879089,58.588596,21.67778052,78.026589,38.733489,33.120189
9.68,86.2488,31.912056,58.649184,21.70019808,78.059556,38.766456,33.153156
9.69,86.3379,31.945023,58.709772,21.72261564,78.092523,38.799423,33.186123
9.7,86.427,31.97799,58.77036,21.7450332,78.12549,38.83239,33.21909
9.71,86.5161,32.010957,58.830948,21.76745076,78.158457,38.865357,33.252057
9.72,86.6052,32.043924,58.891536,21.78986832,78.191424,38.898324,33.285024
9.73,86.6943,32.076891,58.952124,21.81228588,78.224391,38.931291,33.317991
9.74,86.7834,32.109858,59.012712,21.83470344,78.257358,38.964258,33.350958
9.75,86.8725,32.142825,59.0733,21.857121,78.290325,38.997225,33.383925
9.76,86.9616,32.175792,59.133888,21.87953856,78.323292,39.030192,33.416892
9.77,87.0507,32.208759,59.194476,21.90195612,78.356259,39.063159,33.449859
9.78,87.1398,32.241726,59.255064,21.92437368,78.389226,39.096126,33.482826
9.79,87.2289,32.274693,59.315652,21.94679124,78.422193,39.129093,33.515793
9.8,87.318,32.30766,59.37624,21.9692088,78.45516,39.16206,33.54876
9.81,87.4071,32.340627,59.436828,21.99162636,78.488127,39.195027,33.581727
9.82,87.4962,32.373594,59.497416,22.01404392,78.521094,39.227994,33.614694
9.83,87.5853,32.406561,59.558004,22.03646148,78.554061,39.260961,33.647661
9.84,87.6744,32.439528,59.618592,22.05887904,78.587028,39.293928,33.680628
9.85,87.7635,32.472495,59.67918,22.0812966,78.619995,39.326895,33.713595
9.86,87.8526,32.505462,59.739768,22.10371416,78.652962,39.359862,33.746562
9.87,87.9417,32.538429,59.800356,22.12613172,78.685929,39.392829,33.779529
9.88,88.0308,32.571396,59.860944,22.14854928,78.718896,39.425796,33.812496
9.89,88.1199,32.604363,59.921532,22.17096684,78.751863,39.458763,33.845463
9.9,88.209,32.63733,59.98212,22.1933844,78.78483,39.49173,33.87843
9.91,88.2981,32.670297,60.042708,22.21580196,78.817797,39.524697,33.911397
9.92,88.3872,32.703264,60.103296,22.23821952,78.850764,39.557664,33.944364
9.93,88.4763,32.736231,60.163884,22.26063708,78.883731,39.590631,33.977331
9.94,88.5654,32.769198,60.224472,22.28305464,78.916698,39.623598,34.010298
9.95,88.6545,32.802165,60.28506,22.3054722,78.949665,39.656565,34.043265
9.96,88.7436,32.835132,60.345648,22.32788976,78.982632,39.689532,34.076232
9.97,88.8327,32.868099,60.406236,22.35030732,79.015599,39.722499,34.109199
9.98,88.9218,32.901066,60.466824,22.37272488,79.048566,39.755466,34.142166
9.99,89.0109,32.934033,60.527412,22.39514244,79.081533,39.788433,34.175133
10,89.1,32.967,60.588,22.41756,79.1145,39.8214,34.2081
